room_id,host_id,total_score
11757251,26873897,2.134
12246137,30283594,3.0
10445235,35019081,3.0
9132081,47565180,3.0
9906565,6807512,3.0
5690640,29503737,3.0
12620315,33370301,3.0
12581207,35777842,3.0
11885148,409027,3.0
12774639,4161865,3.0
9504177,20934696,3.0
7971930,1848513,3.0
10611598,41328752,3.0
12264926,34078385,3.0
9631816,11082983,3.0
4523594,9419684,3.0
5270703,27281334,3.0
12205324,65632036,3.0
7475573,22348222,3.0
11521541,14133713,3.0
5628808,28759412,3.0
12372052,21745230,3.0
10116095,1229092,3.0
11395461,59792146,3.0
5719606,3432624,3.0
10022766,105154,3.0
7920759,41766550,3.0
13091712,54995023,3.0
7009774,36747522,3.0
13032590,21745230,3.0
12209652,65660258,3.0
9922595,30283594,3.0
8914895,36981635,3.0
11980760,30283594,3.0
10262069,30283594,3.0
12825412,69976103,3.0
10034284,30283594,3.0
12302222,30283594,3.0
11981674,30283594,3.0
6016150,30283594,3.0
5932402,2221632,3.0
12210223,45615983,3.0
8389735,41456680,3.0
11988537,64082142,3.0
12734288,46589576,3.0
10829447,49493438,3.0
11896394,13263766,3.0
8607856,31545543,3.0
9774847,50161296,3.0
12532440,16620216,3.0
9593141,49651994,3.0
824244,4335656,3.0
13028097,33694027,3.0
12628940,68572323,3.0
9508975,21737209,3.0
7514024,22348222,3.0
11343048,41921566,3.0
9110708,32018716,3.0
7855702,30283594,3.0
4467841,9419684,3.0
7713815,22348222,3.0
8904297,46575567,3.0
7928656,41383849,3.0
11885879,20932695,3.0
10052037,30283594,3.0
10118716,30283594,3.0
10152056,30283594,3.0
12400995,55708104,3.0
6298216,32750893,3.0
5814459,5949009,3.0
10148425,6562905,3.0
10118573,30283594,3.0
9133627,22348222,3.0
23668,25188,3.0
10051649,30283594,3.0
4602191,20079643,3.0
12541136,15588404,3.0
12226965,7059074,3.0
7475052,22348222,3.0
13015679,47054791,3.0
9252183,22348222,3.0
12997334,24584254,3.0
8168982,30283594,3.0
12868351,45091583,3.0
9386847,27446821,3.0
7514336,22348222,3.0
12873268,2051523,3.0
12473136,13155584,3.0
10810,38440,3.0
12341992,64165774,3.0
8934599,26956083,3.0
12789763,17045247,3.0
10009367,13004639,3.0
13056011,72289468,3.0
1523772,8130814,3.0
12533075,6073299,3.0
9576685,49569819,3.0
11841986,12243051,3.0
13078164,23099761,3.0
13015927,18202088,3.0
12854555,67253528,3.0
12897110,70633440,3.0
9614024,15730792,3.0
12590656,51449558,3.0
10327517,53144645,3.0
10119327,30283594,3.0
9464030,6902661,3.0
12088322,30283594,3.0
10119193,30283594,3.0
10671192,44392534,3.0
12425501,21184200,3.0
12382743,30283594,3.0
12346529,28929296,3.0
6306590,6878335,3.0
12409042,26956083,3.0
2021483,10197317,3.0
2871079,14674644,3.0
11701611,62197455,3.0
5989418,5809176,3.0
12517081,24950258,3.0
8535768,20646040,3.0
8164146,30283594,3.0
9058863,35423230,3.0
10053032,30283594,3.0
12288299,30283594,3.0
10132073,51992629,3.0
12405534,37220686,3.0
11863105,44013653,3.0
611081,3029783,3.0
10051623,30283594,3.0
2715779,178829,3.0
12147973,31303940,3.0
11972989,9258077,3.0
8201104,43217109,3.0
12627941,66952442,3.0
6798777,499127,3.0
13033074,23085777,3.0
10704442,55310299,3.0
6713148,13622079,3.0
496026,1956464,3.0
9636218,48691372,3.0
6939759,26413047,3.0
9463444,48936696,3.0
12221012,28167413,3.0
11541697,26257564,3.0
12445143,4852286,3.0
11968275,17765198,3.0
12072006,9593553,3.0
10050765,30283594,3.0
11218256,54064917,3.0
12515067,3073029,3.0
12652181,12790789,3.0
9546728,20127625,3.0
7273770,4191762,3.0
13089490,20415645,3.0
11371205,21184200,3.0
7460789,33216931,3.0
11295065,33049221,3.0
12957423,1723274,3.0
10053549,30283594,3.0
10053454,30283594,3.0
10409490,17320199,3.0
5781926,29573894,3.0
8141545,30283594,3.0
12784064,3137257,3.0
10724635,55426664,3.0
12407753,66721032,3.0
13005579,71536024,3.0
12815192,17045533,3.0
7474044,22348222,3.0
12972323,10396155,3.0
7450348,39019557,3.0
12962923,20857768,3.0
7837202,22348222,3.0
9261381,47670141,3.0
12902509,10669839,3.0
10052622,30283594,3.0
13014498,22110106,3.0
13078068,46488030,3.0
12990961,21702778,3.0
13015832,18202088,3.0
2798599,14099596,3.0
8325030,30283594,3.0
901914,4818556,3.0
9941923,51094247,3.0
12655866,44795554,3.0
10987109,32304279,3.0
8631257,14299534,3.0
13060835,72340877,3.0
12208806,31035017,3.0
11735784,9419684,3.0
12303347,30283594,3.0
12932465,17351265,3.0
12205580,65394478,3.0
12356183,30283594,3.0
12726343,58930331,3.0
12493396,29568033,3.0
7351514,18292698,3.0
12988807,71551723,3.0
8904546,46575567,3.0
12873559,2051523,3.0
12868343,2753598,3.0
13024385,12243051,3.0
10052920,30283594,3.0
7832890,22348222,3.0
10549219,54404109,3.0
11569331,2225350,3.0
10857914,45651169,3.0
9822600,826833,3.0
9878725,17892292,3.0
11678470,48518596,3.0
11419461,29713098,3.0
8564330,25064382,3.0
12363660,56359408,3.0
10788492,14005209,3.0
13093907,32095988,3.0
12124586,48062212,3.0
13056513,6210771,3.0
12148811,24036388,3.0
8275452,9744348,3.0
12648403,1846434,3.0
13060113,62461042,3.0
9864083,50766866,3.0
12365159,2788083,3.0
7918398,17835189,3.0
13045194,19455327,3.0
6991310,36495581,3.0
10859498,51673899,3.0
10945558,51673899,3.0
11890669,54723812,3.0
7240149,35950087,3.0
12290477,3713069,3.0
9993826,30283594,3.0
9991857,30283594,3.0
10882267,41998307,3.0
12626504,6723877,3.0
6268395,30283594,3.0
8925974,20079643,3.0
8955473,20079643,3.0
5904596,24496999,3.0
12263690,30283594,3.0
601763,71783,3.0
9903,25188,3.0
5911004,6591423,3.0
9669300,18756452,3.0
12020004,42018686,3.0
444367,1451874,3.0
8325366,30283594,3.0
10880916,30283594,3.0
7219056,9419684,3.0
9041513,9419684,3.0
12997241,12164071,3.0
11985521,30283594,3.0
716512,25188,3.0
8335652,30283594,3.0
12672097,46846483,3.0
12359181,36496544,3.0
9532771,49365462,3.0
13007124,68072593,3.0
2993107,1546670,3.0
12383703,30283594,3.0
822063,4142522,3.0
12376963,33225313,3.0
13047172,72203021,3.0
11968079,30283594,3.0
11963384,30283594,3.0
10117122,30283594,3.0
12802213,69757322,3.0
9992143,30283594,3.0
10116914,30283594,3.0
9934771,15035971,3.0
12383204,30283594,3.0
10117472,30283594,3.0
6480967,33865671,3.0
11983535,30283594,3.0
8828147,3958442,3.0
12545716,64969164,3.0
3401809,25188,3.0
11982313,30283594,3.0
7159343,28980127,3.0
12028924,5635152,3.0
8404805,26956083,3.0
10229333,30283594,3.0
951473,25188,3.0
10185866,52311253,3.0
7529525,39459066,3.0
4652263,24075349,3.0
7618925,11228809,3.0
9969226,274767,3.0
2736979,14004174,3.0
169938,809859,3.0
1961034,10133129,3.0
12667158,66050182,3.0
12781774,39290576,3.0
12932001,9155267,3.0
10835494,8207666,3.0
6865619,35975768,3.0
12085299,8654826,3.0
12833084,32626502,3.0
5967936,30979867,3.0
12852617,52260121,3.0
5738018,7302835,3.0
9494064,49207830,3.0
12988556,19573145,3.0
12989366,19573145,3.0
13056531,72295255,3.0
12190053,4913318,3.0
6921672,36278389,3.0
1628130,333220,3.0
10749312,55571157,3.0
903598,25188,3.0
12580274,41542719,3.0
12364368,40297419,3.0
10211649,52470335,3.0
12409208,1779593,3.0
8081935,30283594,3.0
951485,25188,3.0
10228764,30283594,3.0
9403571,19055705,3.0
7637094,40067818,3.0
8184007,30283594,3.0
8085906,30283594,3.0
12247217,30283594,3.0
8099266,30283594,3.0
12873438,14004174,3.0
11569156,60500914,3.0
11006149,57112558,3.0
10226171,18290025,3.0
11688611,12243051,3.0
12559899,34191455,3.0
11022736,40649306,3.0
10249647,21275421,3.0
543188,25188,3.0
7857318,30283594,3.0
6386351,33289576,3.0
12368012,66824316,3.0
12248521,48876489,3.0
12618291,68502098,3.0
12301081,30283594,3.0
5259996,71783,3.0
665035,25188,3.0
9921925,30283594,3.0
11060140,51673899,3.0
8432166,19834500,3.0
12882483,2269848,3.0
12126299,115522,3.0
9990201,30283594,3.0
11739746,51441309,3.0
9040476,9419684,3.0
11677211,47928161,3.0
2837932,14517564,3.0
8145397,30283594,3.0
7329849,21799545,3.0
13000643,11959815,3.0
12972378,71380118,3.0
3747216,19168001,3.0
10033715,30283594,3.0
12843196,66497629,3.0
7838961,25188,3.0
10048789,30283594,3.0
9652961,7829762,3.0
12102482,30283594,3.0
13060255,6950436,3.0
10035581,30283594,3.0
10054046,30283594,3.0
10034930,30283594,3.0
12889938,70560456,3.0
11927580,15421490,3.0
1119740,25188,3.0
7916575,22348222,3.0
7984226,36050005,3.0
7342489,22348222,3.0
9327506,19642206,3.0
12325694,18887719,3.0
13074124,71188385,3.0
8206536,22348222,3.0
6762011,22348222,3.0
8303267,4552954,3.0
12678384,32532791,3.0
8552387,28880663,3.0
12088808,64576267,3.0
7740592,4552954,3.0
12655180,10014314,3.0
12971878,7661802,3.0
12587887,68277260,3.0
9209711,47898569,3.0
12972176,55048606,3.0
12924446,799496,3.0
10656576,52081526,3.0
11634778,10477120,3.0
5684346,18494756,3.0
9853959,50727619,3.0
7694365,22348222,3.0
12796808,31035017,3.0
6747461,6846812,3.0
12398005,20857768,3.0
13064781,22548550,3.0
10131503,30283594,3.0
10655144,41102014,3.0
12916551,70833557,3.0
7476340,22348222,3.0
6758482,22348222,3.0
6850880,22348222,3.0
13091074,1416883,3.0
12290886,32532791,3.0
11940785,25470887,3.0
12953937,44792241,3.0
8403945,22348222,3.0
12282650,21184200,3.0
9770560,5380487,3.0
11768880,62644786,3.0
11398458,56540970,3.0
12655758,68753453,3.0
9343915,48494513,3.0
11039763,24771710,3.0
6759439,22348222,3.0
7342359,32228249,3.0
7694559,22348222,3.0
9821291,24171028,3.0
6758462,22348222,3.0
11512755,10138187,3.0
11398499,59820555,3.0
12362389,2025724,3.0
1589392,4195134,3.0
6810723,22348222,3.0
12736777,39964775,3.0
10153536,30283594,3.0
11948017,1426567,3.0
10036192,30283594,3.0
2214923,9419684,3.0
8162168,30283594,3.0
8163273,30283594,3.0
9647355,28075417,3.0
8063815,30283594,3.0
13083058,48018479,3.0
9999894,39481873,3.0
8188894,43195276,3.0
12973308,71393113,3.0
12750816,66050182,3.0
12760108,32778391,3.0
12873337,70412204,3.0
12264207,66050182,3.0
12962690,64082142,3.0
12831927,67307654,3.0
11842312,12243051,3.0
9698823,2268578,3.0
9834532,5610797,3.0
9840919,32532791,3.0
12934186,757253,3.0
7125052,37320933,3.0
5222368,1532353,3.0
4681859,3003724,3.0
8187595,30283594,3.0
12697772,27101834,3.0
11572370,47664830,3.0
5814485,5949009,3.0
4348422,22217451,3.0
8335838,30283594,3.0
12022134,19342870,3.0
12709469,67822066,3.0
7463250,37096230,3.0
5739119,18109786,3.0
13013196,10389396,3.0
12254831,36965419,3.0
10592815,47858156,3.0
12811191,23752099,3.0
6506506,33397159,3.0
4369675,22683865,3.0
1937433,10024266,3.0
12886660,54064917,3.0
10490133,54064917,3.0
10810443,5971513,3.0
10436811,20333008,3.0
9534326,32974291,3.0
9733952,20213683,3.0
12496332,11556349,3.0
8837755,46285032,3.0
10053235,30283594,3.0
9428208,6592128,3.0
4887325,2448751,3.0
12806707,4263511,3.0
11639480,61701374,3.0
5510597,17547008,3.0
12865252,23737110,3.0
8597118,19688680,3.0
12432696,67253528,3.0
11440702,389733,3.0
12559896,19073733,3.0
12320063,66462220,3.0
13081347,41932249,3.0
12428994,30283594,3.0
6208994,2568871,3.0
12006423,64209223,3.0
5291267,25844126,3.0
11021342,57191143,3.0
8815738,45824409,3.0
12866880,70350398,3.0
12917537,70846120,3.0
12504504,17517957,3.0
12419766,67175528,3.0
12305624,57923738,3.0
13000520,66654235,3.0
9696537,50074927,3.0
11917812,62705983,3.0
6862594,10608570,3.0
12855396,16052189,3.0
12426823,17549950,3.0
13077603,67103816,3.0
13079902,29227463,3.0
5868798,30473016,3.0
9710673,34332489,3.0
12994227,8582699,3.0
12844675,55208717,3.0
9607385,40633284,3.0
9550398,49456626,3.0
9349646,3900945,3.0
10127270,50345300,3.0
12849003,17917160,3.0
9607296,49712982,3.0
9615932,36388924,3.0
10052445,30283594,3.0
12023024,64331842,3.0
13015767,43544288,3.0
6613472,34609479,3.0
12586305,34832265,3.0
12904318,52601623,3.0
3589869,848964,3.0
4461111,13226301,3.0
6744795,30283594,3.0
11021254,10720336,3.0
8813104,46169269,3.0
11545785,31368662,3.0
9596153,45167058,3.0
8761060,45942466,3.0
12969495,4605418,3.0
13028899,43544288,3.0
10730102,32150958,3.0
1077105,5927277,3.0
12901078,27871799,3.0
6093430,31622975,3.0
12707324,69077492,3.0
10537553,41932249,3.0
11087731,26420664,3.0
12344760,66654235,3.0
12022510,17618315,3.0
10478553,9818757,3.0
1959873,10127577,3.0
6268082,25660835,3.0
13019560,71874341,3.0
9710999,34332489,3.0
10945774,51673899,3.0
13090471,33323873,3.0
6627802,30658962,3.0
12432623,33319723,3.0
11011124,265036,3.0
11313921,59163294,3.0
10812807,7466486,3.0
12766542,33233678,3.0
8992733,46973308,3.0
13066242,70061928,3.0
12888179,60626931,3.0
12826881,18034920,3.0
12623651,68517511,3.0
11572070,47664830,3.0
11389072,1997048,3.0
13002808,67536196,3.0
12815191,38700232,3.0
13062783,44620221,3.0
11964926,63906798,3.0
9156437,16308495,3.0
11635232,61664567,3.0
12891323,17000652,3.0
4607307,23873896,3.0
7461091,39055334,3.0
12186553,15589117,3.0
12990519,71573513,3.0
2513870,12867663,3.0
8899828,31175333,3.0
9507164,814298,3.0
7768541,4655423,3.0
10153739,30283594,3.0
12897590,70637430,3.0
7927765,18479599,3.0
11069156,7069145,3.0
13066117,42820495,3.0
12563549,34226261,3.0
10559976,52601623,3.0
12890140,54064917,3.0
11432300,60063253,3.0
10053369,30283594,3.0
12891224,14004174,3.0
10118379,30283594,3.0
11336922,59334069,3.0
11587574,53989804,3.0
2656568,13597630,3.0
11148266,51449558,3.0
13063952,21745230,3.0
12808014,28197086,3.0
12492474,67637928,3.0
12964009,71188385,3.0
13041752,72132089,3.0
8932377,26023138,3.0
9992532,30283594,3.0
12368082,15198549,3.0
5824015,30228015,3.0
7052847,10336060,3.0
9992751,30283594,3.0
13063236,6950436,3.0
6551454,29224952,3.0
9796309,9671845,3.0
13005092,2387437,3.0
12581300,68232240,3.0
13007354,20696611,3.0
13044229,72163500,3.0
12254824,2086352,3.0
9332643,5911459,3.0
9352045,43009413,3.0
8390793,44203099,3.0
13020473,18423579,3.0
2443944,4442258,3.0
3420384,431385,3.0
12232615,17893434,3.0
12604505,19094700,3.0
7067397,29407427,3.0
11717217,37670913,3.0
10118946,30283594,3.0
12735138,69252303,3.0
13037435,19960187,3.0
12871837,60115031,3.0
10185646,1997048,3.0
10860611,7845075,3.0
10136854,30283594,3.0
9644312,45038647,3.0
12052292,19260037,3.0
12414737,37000074,3.0
12739300,61322326,3.0
9989001,11189145,3.0
12184433,65476280,3.0
12871137,70390911,3.0
8626752,9492322,3.0
12208307,34122490,3.0
2744320,14004174,3.0
7840752,8654826,3.0
10706413,49741901,3.0
12592696,35068378,3.0
8338792,29066313,3.0
9410831,48796146,3.0
4947739,3744960,3.0
7934491,18479599,3.0
6499228,21021264,3.0
12103501,16186589,3.0
11256475,54064917,3.0
9261966,105154,3.0
13066225,42820495,3.0
12930634,70983352,3.0
13065227,15153123,3.0
12857981,64824435,3.0
9841645,18683719,3.0
11857549,44213412,3.0
8132163,29465919,3.0
12813289,3179912,3.0
11823618,19293231,3.0
5447285,28254412,3.0
8164953,30283594,3.0
12604325,17587982,3.0
646087,3236611,3.0
5761194,29888310,3.0
9166002,3169119,3.0
11357756,56359408,3.0
10881600,56359408,3.0
13052129,42820495,3.0
12657537,18479599,3.0
11973196,50232369,3.0
12990153,71568696,3.0
12948018,21595891,3.0
947751,5137376,3.0
8336364,18807764,3.0
12593295,48876489,3.0
12209339,65660258,3.0
10779412,29852577,3.0
3283689,15735780,3.0
12855343,12164071,3.0
12930651,5580771,3.0
8381472,44169062,3.0
12454069,67383376,3.0
12209147,65660258,3.0
47725,25188,3.0
12590872,54064917,3.0
47722,25188,3.0
11788394,27127153,3.0
9533193,49381951,3.0
9926208,26223574,3.0
6467991,5408506,3.0
13079659,12243051,3.0
12972787,20696611,3.0
12854553,8907338,3.0
12470617,67493832,3.0
13016776,71842495,3.0
13041602,72132089,3.0
6600417,28090138,3.0
12566065,68125441,3.0
11118970,10252474,3.0
12472811,58635382,3.0
12755021,9993095,3.0
6451456,33687245,3.0
12089399,30283594,3.0
11751289,42847628,3.0
13017678,18753489,3.0
9868322,47328881,3.0
10118091,30283594,3.0
8187052,30283594,3.0
9446242,3977458,3.0
6894734,36128699,3.0
12270833,66095644,3.0
9833460,5028116,3.0
10119075,30283594,3.0
4627334,23718760,3.0
9793239,50471189,3.0
1242798,1934182,3.0
12998582,14165150,3.0
8589560,9721496,3.0
13032174,2133022,3.0
12051555,57328816,3.0
12984263,9419684,3.0
12833769,35850440,3.0
12803718,54099497,3.0
12874603,48719428,3.0
13007112,41090120,3.0
12940849,25205247,3.0
11127085,26347507,3.0
9531326,1229497,3.0
10123024,28564205,3.0
12679021,38001139,3.0
13046976,507084,3.0
13074722,3552368,3.0
4556374,3690995,3.0
12656844,33233678,3.0
3415617,5872764,3.0
7856208,41439483,3.0
9840595,32532791,3.0
8367382,44095370,3.0
9201923,32804815,3.0
12811560,41734842,3.0
6449549,873460,3.0
8336388,29066313,3.0
6716872,27805870,3.0
7414930,32823196,3.0
5884210,28056464,3.0
5775139,29963974,3.0
12931313,50646598,3.0
12738816,7981083,3.0
12399867,26932750,3.0
4552675,3003724,3.0
9425087,45835636,3.0
12153945,65261570,3.0
12696973,52130058,3.0
10949319,51373748,3.0
12931421,19201715,3.0
13028092,9039817,3.0
11771810,26345165,3.0
10228228,30283594,3.0
12983674,7744251,3.0
6068207,31044304,3.0
12849985,70196711,3.0
13029918,29227463,3.0
11634638,3987348,3.0
10379031,53427121,3.0
12997521,71639556,3.0
8291550,43717277,3.0
12603280,22541573,3.0
13083938,2844785,3.0
5729203,29690250,3.0
11759332,16186589,3.0
10139648,33506779,3.0
6672582,14165150,3.0
12341700,66629608,3.0
12971329,52601623,3.0
12890156,38438502,3.0
12752020,41100756,3.0
12870514,18202088,3.0
9611030,49727483,3.0
8595227,45229943,3.0
11987762,30283594,3.0
13078148,20857768,3.0
7482195,34552909,3.0
4046057,2947824,3.0
12306135,66356498,3.0
12827851,17519745,3.0
11061030,50072079,3.0
4483906,23209495,3.0
12913053,1984434,3.0
9218288,21361004,3.0
10053928,30283594,3.0
10789952,55833363,3.0
8334845,30283594,3.0
13054720,72272410,3.0
12344014,1570388,3.0
10317376,47928798,3.0
6611126,34594389,3.0
12480200,23884897,3.0
8152796,40314351,3.0
12712045,32156083,3.0
12962229,60081407,3.0
8714682,15015493,3.0
5748063,25910317,3.0
12979965,43217109,3.0
8325544,30283594,3.0
12049787,32532791,3.134
12006089,59082726,3.378
12268144,28974969,3.378
9993602,30283594,3.378
12828996,70007887,3.378
4653267,9520740,3.378
5212321,11725202,3.378
11649321,47664830,3.378
7358714,12243051,3.378
12126774,42124254,3.378
12115920,20507527,3.378
12875295,10389396,3.378
3359170,25188,3.378
12091740,33773832,3.378
7841193,41311781,3.378
12560987,3594203,3.378
10945407,51354463,3.378
12436115,5618949,3.378
6993585,3755714,3.378
10928093,29385474,3.378
7949859,18479599,3.378
195515,25188,3.378
12608363,68434060,3.378
11410652,4597875,3.378
9424920,45835636,3.378
12855005,12164071,3.378
10495489,54104687,3.378
6887053,18969796,3.378
7939556,18479599,3.378
11592067,37088123,3.378
5412487,246083,3.378
4759640,24559114,3.378
11970702,6201198,3.378
9750460,4590803,3.378
9057435,47251069,3.378
4409653,9419684,3.378
5498472,28518068,3.378
8079235,30283594,3.378
12665563,20823261,3.378
9470342,41734842,3.378
11697356,42738926,3.378
8015793,962698,3.378
9430774,46153497,3.378
12523542,67837503,3.378
10052824,30283594,3.378
12494334,31035017,3.378
10298551,52986032,3.378
1819994,9529655,3.378
54487,25188,3.378
8097453,30283594,3.378
10241577,30283594,3.378
4315439,22402141,3.378
9137560,47588894,3.378
11648688,47664830,3.378
11255423,31730544,3.378
4493030,9419684,3.378
4812786,24456619,3.378
11787441,54099497,3.378
10905777,56520305,3.378
9047646,47208651,3.378
5768195,21886762,3.378
10560698,27997670,3.378
11947150,63009427,3.378
9142254,47609847,3.378
6015021,30283594,3.378
9137386,1203849,3.378
10764250,53699829,3.378
6965516,31175333,3.378
12641360,41266485,3.378
11320371,206353,3.378
6575654,8881643,3.378
10050351,30283594,3.378
6854357,9953174,3.378
12343177,14451298,3.378
12366845,66812129,3.378
4334206,22503918,3.378
8184662,30283594,3.378
65348,319393,3.378
10051357,30283594,3.378
951480,25188,3.378
11866869,15349238,3.378
10052232,30283594,3.378
7678756,25716111,3.378
6798074,30283594,3.378
9154256,47657221,3.378
2376518,10250257,3.378
9709597,49420203,3.378
11258721,16186589,3.378
10279083,21401498,3.378
11016623,28123912,3.378
11966297,63588471,3.378
9736673,44375389,3.378
11213228,50935492,3.378
10117803,30283594,3.378
1776190,25188,3.378
9920084,30283594,3.378
10116429,30283594,3.378
2915643,14891491,3.378
1928785,9989245,3.378
7050397,36973561,3.378
10116601,30283594,3.378
12653367,14987763,3.378
6955911,20162776,3.378
1264217,1798561,3.378
1044307,25188,3.378
5532549,26379614,3.378
8831050,3668535,3.378
8048838,31233940,3.378
11799482,7825154,3.378
4585452,23769200,3.378
10656206,4897723,3.378
12287958,32532791,3.378
7106162,24658662,3.378
11126122,57677138,3.378
4410765,9795590,3.378
8518665,12243051,3.378
11590512,12243051,3.378
8146141,10876417,3.378
12621627,67679405,3.378
6287797,14980002,3.378
9728602,4127253,3.378
10656899,4897723,3.378
9452993,14980513,3.378
12882998,66192270,3.378
6693305,14303759,3.378
12587494,7007043,3.378
5813992,122982,3.378
4180178,20598985,3.378
6706463,34308622,3.378
8732121,22348222,3.378
10051842,30283594,3.378
8180340,40887255,3.378
9685076,16186589,3.378
12125635,57812241,3.378
6689219,35011464,3.378
3974503,20598985,3.378
11304657,22089451,3.378
12175961,16186589,3.378
7092874,2100288,3.378
11568947,20857768,3.378
2729015,8130814,3.378
1717816,4195134,3.378
6763587,34832265,3.378
12274601,11332246,3.378
6005290,31175333,3.378
2742204,12670108,3.378
9346513,28358624,3.378
7772806,40887255,3.378
6823628,4195134,3.378
8614167,45290513,3.378
8265182,43544288,3.378
9008826,35373289,3.378
12081834,1827998,3.378
10234895,52601623,3.378
9494098,15583990,3.378
8720673,8015347,3.378
8410270,33688127,3.378
12390027,33101721,3.378
12835086,70064872,3.378
12812290,56137655,3.378
11300899,36982379,3.378
10807,38440,3.378
9723217,35423230,3.378
8816616,46186165,3.378
11687031,12243051,3.378
5769127,22348222,3.378
9953144,50646598,3.378
12738146,69273575,3.378
5355128,26367207,3.378
12599820,68369590,3.378
7511737,22348222,3.378
6373729,32041326,3.378
5947098,508268,3.378
12023820,39068983,3.378
7474855,22348222,3.378
8082512,22348222,3.378
10309569,3333602,3.378
12318093,66447831,3.378
10903094,21797786,3.378
11528125,10138187,3.378
4490826,9419684,3.378
6763409,22348222,3.378
11042379,50399636,3.378
11679156,3598466,3.378
11708583,62240776,3.378
9393163,47487818,3.378
7325084,14697946,3.378
6476613,33835566,3.378
11921486,63617461,3.378
12067685,3981669,3.378
6951197,31020029,3.378
8303748,22585074,3.378
7645862,508268,3.378
8908145,45402419,3.378
12387280,30209747,3.378
12465356,65097579,3.378
9858,25188,3.378
11696314,62153968,3.378
5932267,183065,3.378
12727401,69203736,3.378
1071144,25188,3.378
11159585,57514323,3.378
12865092,7516089,3.378
4469799,23190204,3.378
8249201,43502861,3.378
4109165,9419684,3.378
9057418,47251069,3.378
3278624,9419684,3.378
12647606,55603,3.378
12824498,10524003,3.378
4736217,16052189,3.378
9677354,391664,3.378
10634164,14340981,3.378
12811816,69856865,3.378
4644069,6967157,3.378
9166393,20224115,3.378
11474130,60374290,3.378
8165898,30283594,3.378
9180965,46814477,3.378
12211821,5618949,3.378
11929515,63673355,3.378
6844012,30283594,3.378
8336609,30283594,3.378
9238963,22779296,3.378
8146576,30283594,3.378
6951829,30283594,3.378
11980767,5241671,3.378
10627514,16337422,3.378
12286410,32532791,3.378
6291807,16375951,3.378
12683680,68927890,3.378
9926215,37448147,3.378
8970779,46878954,3.378
9865550,2646681,3.378
7093109,37177446,3.378
9826706,50611381,3.378
9390951,37344176,3.378
10116726,30283594,3.378
8097903,25188,3.378
6731122,35251419,3.378
11853416,7900634,3.378
713627,3581975,3.378
10036037,30283594,3.378
11041684,51673899,3.378
9349614,3900945,3.378
6776075,35473489,3.378
1886037,1587128,3.378
6790961,30283594,3.378
7052171,36885389,3.378
11370704,1263583,3.378
13037372,9039817,3.378
8029788,42396951,3.378
9299739,9830531,3.378
5871900,30489899,3.378
7036112,24545104,3.378
12463555,67325902,3.378
8983081,26704689,3.378
8552338,17892292,3.378
9591772,29925050,3.378
5959740,27858335,3.378
8309604,4127253,3.378
8645254,41306542,3.378
1214214,2021429,3.378
7513906,22348222,3.378
10862342,5635152,3.378
12708781,69086583,3.378
6000531,1446735,3.378
9125711,10211215,3.378
7783953,32304279,3.378
9854083,50646598,3.378
8335210,30283594,3.378
7845607,38120441,3.378
12960226,71255002,3.378
9886478,50856224,3.378
7308623,36811327,3.378
10271867,52274002,3.378
7080514,9046262,3.378
10353263,53285192,3.378
4103249,7048825,3.378
12761363,69422156,3.378
10064803,51050977,3.378
12699603,69028974,3.378
7592616,4031770,3.378
6761345,35381728,3.378
7708844,24950258,3.378
9685085,16186589,3.378
7294565,11822816,3.378
12508801,61279591,3.378
10434883,48494513,3.378
10149314,30283594,3.378
8106822,25844126,3.378
771309,239850,3.378
67946,25188,3.378
7853971,814298,3.378
11550767,4048641,3.378
12831151,15102445,3.378
13060366,67118171,3.378
12157444,1034511,3.378
5590505,28985064,3.378
7245413,37881504,3.378
9706279,7410606,3.378
10855052,56225393,3.378
12262803,30708464,3.378
10054194,30283594,3.378
6838488,14785487,3.378
10853409,18272340,3.378
12074204,64704565,3.378
12433184,64969164,3.378
9906851,50941338,3.378
12386020,64200298,3.378
11036835,27862749,3.378
9460898,1444340,3.378
5856633,30408736,3.378
2243499,9419684,3.378
10411383,44617326,3.378
9897713,5275817,3.378
8101338,13263766,3.378
11035223,4343802,3.378
9993559,51342173,3.378
9169272,47719377,3.378
11775961,62692465,3.378
5511911,25079218,3.378
13017162,18202088,3.378
12735111,69252188,3.378
9974833,15222708,3.378
9504314,20934696,3.378
11494020,60344161,3.378
12071820,64682226,3.378
11125734,3173838,3.378
12604733,18202088,3.378
5858133,3483194,3.378
6227976,32304279,3.378
9541666,40888395,3.378
6640662,32079650,3.378
11897768,3630233,3.378
12227302,17198627,3.378
7735518,26956083,3.378
12176027,46984941,3.378
4503393,16442921,3.634
11796879,13649503,3.7560000000000002
9574727,2976895,3.7560000000000002
12949270,18896448,3.7560000000000002
1868205,9419684,3.7560000000000002
8063870,9419684,3.7560000000000002
9727523,50199143,3.7560000000000002
11397826,59813542,3.7560000000000002
11376403,16186589,3.7560000000000002
8134231,93916,3.7560000000000002
12738641,69277254,3.7560000000000002
6766281,35423230,3.7560000000000002
12573682,68185190,3.7560000000000002
8226982,6703626,3.7560000000000002
12563026,25034128,3.7560000000000002
10909691,21832673,3.7560000000000002
12426977,1399007,3.7560000000000002
11653496,6950436,3.7560000000000002
10253899,14561673,3.7560000000000002
6966297,31175333,3.7560000000000002
9250014,26956083,3.7560000000000002
4710583,17892292,3.7560000000000002
10701625,51673899,3.7560000000000002
11275661,9419684,3.7560000000000002
8025718,22348222,3.7560000000000002
9211948,14095697,3.7560000000000002
9340410,9241244,3.7560000000000002
3415245,17219748,3.7560000000000002
8789821,26956083,3.7560000000000002
2986808,2254462,3.7560000000000002
4494419,16442921,3.7560000000000002
7871576,41486164,3.7560000000000002
4547353,8012996,3.7560000000000002
9453062,7810307,3.7560000000000002
8680170,5678580,3.7560000000000002
9218362,47935628,3.7560000000000002
11734812,9419684,3.7560000000000002
11905849,18202088,3.7560000000000002
9130532,47559181,3.7560000000000002
6793913,30283594,3.7560000000000002
7308811,9634183,3.7560000000000002
6851459,22348222,3.7560000000000002
6277566,6636693,3.7560000000000002
6758443,22348222,3.7560000000000002
12253499,65973859,3.7560000000000002
9949819,31021638,3.7560000000000002
7868209,31545543,3.7560000000000002
4792901,24701232,3.7560000000000002
11067772,31340713,3.7560000000000002
4500409,22348222,3.7560000000000002
8801250,19280995,3.7560000000000002
8162720,892781,3.7560000000000002
7055184,22419290,3.7560000000000002
8189821,7723209,3.7560000000000002
8014683,24123098,3.7560000000000002
7054912,6223931,3.7560000000000002
7724412,9303410,3.7560000000000002
7219391,25188,3.7560000000000002
7095658,37189820,3.7560000000000002
789843,4161865,3.7560000000000002
11734237,20042442,3.7560000000000002
8328203,5610150,3.7560000000000002
7104165,16285602,3.7560000000000002
8206659,11460448,3.7560000000000002
11398953,3594203,3.7560000000000002
7508865,30283594,3.7560000000000002
8483201,44677414,3.7560000000000002
12487320,50088514,3.7560000000000002
12047758,4140161,3.7560000000000002
3703674,9350281,3.7560000000000002
5834413,30283594,3.7560000000000002
1755376,25188,3.7560000000000002
2412715,6201198,3.7560000000000002
8336347,30283594,3.7560000000000002
8822499,45980822,3.7560000000000002
6181230,25188,3.7560000000000002
1358531,25188,3.7560000000000002
12365454,11272292,3.7560000000000002
9412170,26988,3.7560000000000002
11714059,54099497,3.7560000000000002
4978467,11017004,3.7560000000000002
4409819,9419684,3.7560000000000002
8112652,30489899,3.7560000000000002
10470115,51673899,3.7560000000000002
10164810,51673899,3.7560000000000002
10299047,52989144,3.7560000000000002
12176428,47915391,3.7560000000000002
8272350,37835016,3.7560000000000002
10311094,51673899,3.7560000000000002
11275963,4195134,3.7560000000000002
11201204,39051883,3.7560000000000002
10266397,48494513,3.7560000000000002
12621291,3715298,3.7560000000000002
7475379,22348222,3.7560000000000002
6843850,14225772,3.7560000000000002
3367833,25188,3.7560000000000002
5970118,8479265,3.7560000000000002
7573274,30283594,3.7560000000000002
3595315,8654826,3.7560000000000002
13073552,72468796,3.7560000000000002
9834617,50646598,3.7560000000000002
4445906,9419684,3.7560000000000002
12207213,57166759,3.7560000000000002
6879036,22348222,3.7560000000000002
11797193,17869400,3.7560000000000002
9331460,3925363,3.7560000000000002
7620413,38708629,3.7560000000000002
6014002,803870,3.7560000000000002
4397829,22831609,3.7560000000000002
7006683,19180140,3.7560000000000002
10742655,16938558,3.7560000000000002
737519,1171636,3.7560000000000002
2021489,10197317,3.7560000000000002
10469962,51673899,3.7560000000000002
7784616,4644213,3.7560000000000002
9508099,1444340,3.7560000000000002
12137712,65156802,3.7560000000000002
7475557,26704689,3.7560000000000002
10164759,51673899,3.7560000000000002
4899445,4383223,3.7560000000000002
9329398,48419543,3.7560000000000002
6759004,22348222,3.7560000000000002
8048089,42082054,3.7560000000000002
9255725,26956083,3.7560000000000002
9918240,2992060,3.7560000000000002
8847430,46330174,3.7560000000000002
11276570,9419684,3.7560000000000002
11686744,12243051,3.7560000000000002
11255513,13947638,3.7560000000000002
11992431,42018686,3.7560000000000002
6780313,212445,3.7560000000000002
12406912,41658897,3.7560000000000002
9751520,50297998,3.7560000000000002
7240775,25188,3.7560000000000002
8814039,4962900,3.7560000000000002
8814479,4962900,3.7560000000000002
979759,25188,3.7560000000000002
13027627,71965368,3.7560000000000002
7513605,22348222,3.7560000000000002
7854872,22348222,3.7560000000000002
7454907,24293931,3.7560000000000002
10253416,12243051,3.7560000000000002
6921241,36275619,3.7560000000000002
4604023,1730791,3.7560000000000002
986399,5413224,3.7560000000000002
11906382,12556651,3.7560000000000002
6559159,33224029,3.7560000000000002
9273395,814298,3.7560000000000002
11818157,29394026,3.7560000000000002
10758,38440,3.7560000000000002
8625159,40887255,3.7560000000000002
11087657,45851126,3.7560000000000002
9110588,47482159,3.7560000000000002
7531700,22348222,3.7560000000000002
9473811,18604433,3.7560000000000002
4461901,22348222,3.7560000000000002
8421777,6094294,3.7560000000000002
6248526,1782413,3.7560000000000002
12087989,799496,3.7560000000000002
10387129,15537747,3.7560000000000002
8428052,33294128,3.7560000000000002
6298680,30283594,3.7560000000000002
9425902,5717433,3.7560000000000002
11710680,7744251,3.7560000000000002
10339055,53207133,3.7560000000000002
744191,25188,3.7560000000000002
9475507,12267153,3.7560000000000002
5759486,29877666,3.7560000000000002
5124772,1450086,3.7560000000000002
3820516,128280,3.7560000000000002
9445192,48948403,3.7560000000000002
11585459,53603592,3.7560000000000002
12265433,66058500,3.7560000000000002
10723203,15913699,3.7560000000000002
472070,814298,3.7560000000000002
12339410,6311939,3.7560000000000002
1329627,25188,3.7560000000000002
8319253,43078666,3.7560000000000002
8161218,43078666,3.7560000000000002
11010159,51050977,3.7560000000000002
8644473,2346094,3.7560000000000002
10268223,52796234,3.7560000000000002
6400348,28090138,3.7560000000000002
180914,25188,3.7560000000000002
4698487,13776857,3.7560000000000002
6027467,30283594,3.7560000000000002
1721016,7723912,3.7560000000000002
7868931,30283594,3.7560000000000002
6444138,9419684,3.7560000000000002
6684904,9419684,3.7560000000000002
799701,4210157,3.7560000000000002
6009031,28075283,3.7560000000000002
2831504,50866,3.7560000000000002
11592154,24120885,3.7560000000000002
5584915,6964793,3.7560000000000002
3522237,17736943,3.7560000000000002
10117329,30283594,3.7560000000000002
12382239,45824588,3.7560000000000002
59776,287564,3.7560000000000002
11454728,18202088,3.7560000000000002
9918713,30283594,3.7560000000000002
10607657,314580,3.7560000000000002
12957317,71229368,3.7560000000000002
1222327,6668129,3.7560000000000002
8457344,44501429,3.7560000000000002
6124215,14812888,3.7560000000000002
12064843,49565531,3.7560000000000002
10922386,55708104,3.7560000000000002
9845583,9640446,3.7560000000000002
8014642,17549955,3.7560000000000002
9094794,47418276,3.7560000000000002
9078482,911968,3.7560000000000002
9575439,49565531,3.7560000000000002
7280665,24775678,3.7560000000000002
5660081,962698,3.7560000000000002
7554801,14840087,3.7560000000000002
9183638,14007443,3.7560000000000002
6158007,7661802,3.7560000000000002
7527677,32304279,3.7560000000000002
11494234,21184200,3.7560000000000002
10040838,45558237,4.134
9855,25188,4.134
1262443,4463536,4.134
10594800,54664198,4.134
10004575,3130698,4.134
12093724,64830791,4.5120000000000005
3303860,16442921,4.5120000000000005
12033661,4852286,4.5120000000000005
6179374,30489899,4.634
3021862,15399126,4.634
12051674,5618949,4.634
3898229,13391182,4.634
951476,25188,4.634
3311675,16442921,4.634
8113183,15098486,4.634
9197535,33311329,4.634
10295349,16938558,4.634
8846849,16284736,4.634
8191517,28763698,4.634
8238078,30489899,4.634
9341751,32415866,4.634
3303754,16442921,4.768
7225376,37826100,4.890000000000001
4484747,16442921,4.890000000000001
8420883,20454595,5.0120000000000005
12225892,30314324,5.0120000000000005
6015995,30283594,5.134
11553697,5539314,5.134
11902134,63487603,5.134
12052820,7855516,5.134
4516065,9419684,5.134
7562235,11653097,5.134
7441144,27696228,5.134
11303149,59082726,5.134
6908525,22348222,5.134
826555,4335656,5.134
4603588,4195134,5.134
11922134,24997738,5.134
10264774,48494513,5.134
4628907,15019209,5.268
4287366,22257404,5.390000000000001
3389896,17102895,5.5120000000000005
27141,25188,5.5120000000000005
3250847,886871,5.5120000000000005
9994945,34850950,5.5120000000000005
11583581,24257739,5.5120000000000005
5748064,25910317,5.5120000000000005
8892267,29539675,5.5120000000000005
6576530,14785487,5.5120000000000005
1066767,5291968,5.5120000000000005
11609324,2998040,5.5120000000000005
12379725,18202088,5.634
7476936,5366301,5.634
10141326,47907391,5.634
8700820,5163862,5.634
4461613,22348222,5.634
11767622,6950436,5.634
7509273,26956083,5.634
1567259,8336638,5.634
7252607,34552909,5.634
12149592,65234391,5.634
9344096,14737770,5.634
7728499,22348222,5.634
8973362,46891535,5.634
12047007,62149054,5.634
1948096,10074105,5.634
6006328,19066350,5.634
10997047,57064175,5.634
1638584,5243773,5.634
7008455,14338710,5.634
11856912,8992252,5.634
5359697,14517564,5.634
5702292,19280995,5.634
3977877,14993032,5.634
7356415,914630,5.634
8301150,39088458,5.634
12386138,12536547,5.634
10569282,48494513,5.634
1775935,25188,5.634
10898451,52684486,5.634
4787233,4897723,5.634
8497555,10132799,5.634
10427882,48494513,5.634
12020829,18202088,5.634
12389066,63421037,5.634
7403927,405376,5.634
12446656,12790789,5.634
4261784,17814164,5.634
12398621,43450256,5.634
12497846,67677418,5.634
2189086,3945988,5.634
8321805,12039349,5.634
7474615,22348222,5.634
5652147,352441,5.634
5768819,22348222,5.634
7275018,534259,5.634
11514237,15172911,5.634
4679319,5474074,5.634
9217717,47932622,5.634
6627469,4718853,5.634
1340649,7271526,5.634
6602167,24584716,5.634
7395978,24567367,5.634
4181163,9419684,5.634
12304165,3713069,5.634
7553969,23531248,5.634
6927063,13366252,5.634
7362715,10132799,5.634
9367059,1488999,5.634
3193484,16186589,5.634
12351909,18150109,5.634
10475848,53989804,5.634
5280183,4195134,5.634
8495348,44735228,5.634
561769,71783,5.634
11946029,27112758,5.634
4565470,9419684,5.634
5726867,29691316,5.634
8962914,46842652,5.634
8867072,11813089,5.634
11697685,62159924,5.634
11563716,9419684,5.634
6936712,26988,5.634
115936,228845,5.768
9926796,51026962,5.768
12463961,67445992,5.768
10340581,29414542,5.768
12652527,20621133,5.768
4453153,14364920,5.890000000000001
9239190,48020499,5.890000000000001
6728819,2847302,5.890000000000001
1944976,10060070,5.890000000000001
7454966,16442921,5.890000000000001
11411325,59082726,5.890000000000001
5870309,30283594,5.890000000000001
6544642,21895391,5.890000000000001
8780440,46024636,5.890000000000001
8947232,16186589,5.890000000000001
8584276,3521413,5.890000000000001
1372816,25188,5.890000000000001
54215,25188,5.890000000000001
6655012,34832265,5.890000000000001
5718801,22348222,5.890000000000001
1863443,9419684,5.890000000000001
12342549,1015632,5.890000000000001
9496337,12711168,5.890000000000001
6355733,29025144,6.0120000000000005
10887456,56116870,6.0120000000000005
11454147,18202088,6.0120000000000005
7114655,271917,6.0120000000000005
7929879,1444340,6.0120000000000005
4431210,16442921,6.0120000000000005
68902,25188,6.0120000000000005
11638661,59082726,6.0120000000000005
9407895,41317613,6.0120000000000005
697078,26988,6.0120000000000005
1867881,9419684,6.0120000000000005
8064980,16284736,6.0120000000000005
9274587,1444340,6.0120000000000005
11670237,2897513,6.0120000000000005
2495047,5430185,6.0120000000000005
8191739,28763698,6.0120000000000005
12233285,25938928,6.0120000000000005
65353,319393,6.0120000000000005
1498719,8008692,6.0120000000000005
3606396,18175186,6.0120000000000005
70481,26988,6.0120000000000005
7921649,26956083,6.0120000000000005
65363,319393,6.0120000000000005
10354248,4383223,6.0120000000000005
11637504,29414542,6.0120000000000005
7840411,41306542,6.0120000000000005
8973483,30383169,6.0120000000000005
3967611,1680669,6.0120000000000005
4964365,6104365,6.0120000000000005
5549683,24806753,6.0120000000000005
228883,25188,6.0120000000000005
52423,25188,6.0120000000000005
91588,494453,6.0120000000000005
7449448,38701026,6.0120000000000005
3521944,17735272,6.0120000000000005
3369898,17001829,6.0120000000000005
8956962,46813874,6.0120000000000005
3881993,11487565,6.0120000000000005
8490356,44581223,6.0120000000000005
4128326,21415171,6.0120000000000005
8442154,44448088,6.0120000000000005
22208,25188,6.0120000000000005
12253029,42868503,6.0120000000000005
9770477,17194624,6.0120000000000005
11862885,10552730,6.134
12202771,19656906,6.134
10424879,15232579,6.134
6692941,68353,6.134
8919439,21185257,6.134
10083363,21962270,6.134
10034183,31310602,6.134
2547129,3137257,6.134
7582651,39761134,6.134
12275378,63421037,6.134
9706199,50116532,6.134
11292859,47180444,6.134
8417742,26956083,6.134
8388481,26956083,6.134
5352623,97805,6.134
7982359,9419684,6.134
5454265,27296640,6.134
5067019,26164941,6.134
12730816,69221027,6.134
12592117,21184200,6.134
8325477,43888695,6.134
10656354,6146242,6.134
11397511,53312551,6.134
2918875,14422289,6.134
5478135,13595892,6.134
10103725,51849764,6.134
2880944,5052732,6.134
10941557,51352166,6.134
12684841,17153663,6.134
4255538,11279983,6.134
11687122,12243051,6.134
2374089,11356547,6.134
9273978,814298,6.134
6746543,32376332,6.134
2821921,25188,6.134
5755910,29859334,6.134
5317935,95959,6.134
11059835,57402911,6.134
9188430,4540519,6.134
8970393,14438532,6.134
5659780,29336905,6.134
8014383,32532791,6.134
4339392,3310704,6.134
9275838,48173594,6.134
5423916,64236,6.134
8515356,26956083,6.134
4714840,24360595,6.134
8956082,10795653,6.134
3997572,1805868,6.134
7859888,2737231,6.134
7635616,22348222,6.134
11885653,665668,6.134
6644330,5028116,6.134
8339473,15396970,6.134
5959251,27075316,6.134
3236496,5474074,6.134
12069214,757253,6.134
12112925,8004819,6.134
12474816,43182211,6.134
10186477,184232,6.134
7549896,39568178,6.134
9663423,22543302,6.134
4446413,9419684,6.146
2420123,7739162,6.146
891953,3137257,6.146
826706,1997048,6.146
1529393,8158181,6.146
4527029,16442921,6.146
8716849,45752276,6.146
6878090,4908272,6.268
8584081,45177323,6.268
12183851,65474357,6.268
7825327,14785487,6.268
9870,25188,6.268
10771705,55712101,6.268
4526384,14785487,6.268
8469464,40833154,6.268
7911936,22348222,6.268
5872926,30489899,6.268
2611177,13372537,6.390000000000001
6106955,1622932,6.390000000000001
8096900,39652496,6.390000000000001
533114,71783,6.390000000000001
8577620,1141071,6.390000000000001
11240774,10258834,6.390000000000001
9299923,12243051,6.390000000000001
7283351,8503981,6.390000000000001
11431331,20857768,6.390000000000001
5904992,25327613,6.390000000000001
11590000,12243051,6.390000000000001
3914363,9419684,6.390000000000001
9496224,37900191,6.390000000000001
4767023,24593919,6.390000000000001
5434353,9658771,6.390000000000001
11873789,44369882,6.390000000000001
4044840,9419684,6.390000000000001
8055839,39621923,6.390000000000001
1170157,5243773,6.390000000000001
10810096,3173838,6.390000000000001
1731639,2355815,6.390000000000001
965554,25188,6.390000000000001
950046,5153431,6.390000000000001
218259,25188,6.390000000000001
8794784,46088220,6.390000000000001
10021398,20327499,6.390000000000001
2016500,10370843,6.390000000000001
5481930,26367207,6.390000000000001
8014950,42231579,6.390000000000001
9290941,25188340,6.390000000000001
7757132,8958021,6.390000000000001
9248612,47990609,6.390000000000001
3182652,2555135,6.390000000000001
11767216,5997103,6.5120000000000005
11695285,14604394,6.5120000000000005
10996179,48702457,6.5120000000000005
12356962,49420192,6.5120000000000005
2294730,11722258,6.5120000000000005
2810123,14374050,6.5120000000000005
4358181,4195134,6.5120000000000005
9725178,3023813,6.5120000000000005
11455804,18202088,6.5120000000000005
9755993,50314416,6.5120000000000005
4479140,23181076,6.5120000000000005
12343588,66645251,6.5120000000000005
7961477,41998307,6.5120000000000005
3343428,11228809,6.5120000000000005
5891012,19180140,6.5120000000000005
7109689,19241302,6.5120000000000005
11669363,8329710,6.5120000000000005
11121872,50587785,6.5120000000000005
5717528,7394101,6.5120000000000005
5433246,28184185,6.5120000000000005
6072693,17407425,6.5120000000000005
10391455,10115868,6.5120000000000005
10037387,48494513,6.5120000000000005
5718921,22348222,6.5120000000000005
8310660,18604433,6.5120000000000005
11760822,50437930,6.5120000000000005
2555771,11474005,6.5120000000000005
9364092,24904722,6.5120000000000005
12489916,65907845,6.5120000000000005
7633883,814298,6.5120000000000005
5495547,2753598,6.5120000000000005
12356,26988,6.5120000000000005
5659866,280497,6.5120000000000005
11470818,32870796,6.5120000000000005
1487970,7956873,6.5120000000000005
11122394,50587785,6.5120000000000005
12092499,9410008,6.5120000000000005
8596566,3668535,6.5120000000000005
12682593,28309414,6.5120000000000005
7743569,4595799,6.5120000000000005
11740527,6950436,6.5120000000000005
8378257,12996682,6.5120000000000005
10769470,21920451,6.5120000000000005
10751500,49104276,6.5120000000000005
6882615,22348222,6.5120000000000005
7698631,5316617,6.5120000000000005
7367795,31866207,6.5120000000000005
8425921,37220686,6.5120000000000005
8335066,4657259,6.5120000000000005
5974886,23856705,6.5120000000000005
7475215,22348222,6.5120000000000005
4173285,2851756,6.5120000000000005
4983622,25632301,6.5120000000000005
12172836,14810859,6.5120000000000005
10454061,51673899,6.5120000000000005
7840131,1555309,6.5120000000000005
8371115,3179912,6.5120000000000005
2777752,1362285,6.5120000000000005
8006992,2265368,6.5120000000000005
10635554,7833404,6.5120000000000005
11584799,57812241,6.5120000000000005
8131638,42238927,6.5120000000000005
8814215,4962900,6.5120000000000005
25418,25188,6.5120000000000005
8523157,30240262,6.5120000000000005
3903324,9419684,6.5120000000000005
10138904,51673899,6.5120000000000005
12245124,65908162,6.5120000000000005
11757376,54099497,6.5120000000000005
6603827,34552909,6.5120000000000005
12506404,15014071,6.5120000000000005
1757417,9241244,6.5120000000000005
10634364,16044270,6.5120000000000005
9896359,170480,6.5120000000000005
12291029,32540732,6.5120000000000005
8782592,14587487,6.5120000000000005
5588537,28972872,6.5120000000000005
9590679,49640474,6.5120000000000005
8613870,2330905,6.5120000000000005
8265471,5206005,6.5120000000000005
4119345,1414385,6.5120000000000005
1401625,25188,6.5120000000000005
11826815,18807469,6.5120000000000005
8481291,8167936,6.5120000000000005
11624428,61571632,6.5120000000000005
10749794,26704689,6.5120000000000005
4837719,24898836,6.5120000000000005
7244031,22052842,6.5120000000000005
3765014,16442921,6.524
10247000,15168012,6.646
9958026,42333465,6.646
54944,25188,6.646
10266928,48494513,6.646
9340963,14095697,6.646
12233043,25938928,6.646
4256894,22090809,6.646
3827568,16442921,6.646
11907764,34532779,6.646
9900315,724846,6.768
8424398,3248527,6.768
11008495,53360618,6.768
11442548,53493734,6.768
9845039,184232,6.768
6344696,20567907,6.768
12233225,25938928,6.768
27611,119381,6.768
11912139,14303759,6.768
8439661,1444340,6.768
12109171,37892354,6.768
1868513,9419684,6.768
7746727,3103040,6.768
9060132,41282500,6.768
4699742,24294559,6.768
11589644,12243051,6.768
543078,25188,6.768
9343889,5576703,6.768
2884903,14743729,6.768
886378,4426354,6.768
7018497,25960013,6.768
6686331,24950258,6.768
3006311,5695034,6.768
9834727,50648271,6.768
6690605,35018472,6.768
2986800,2254462,6.768
6677700,34950545,6.768
4787213,5952458,6.768
11169560,34039422,6.768
10070404,51673899,6.768
7840797,4962900,6.768
6685682,814298,6.768
2892825,14785487,6.768
5974871,29660538,6.768
4261781,17814164,6.768
9844242,50688211,6.768
2592301,970426,6.768
10883063,24593919,6.768
11802808,17225898,6.768
9015308,47074939,6.768
10138792,18202088,6.890000000000001
7602994,30988954,6.890000000000001
1301500,3578624,6.890000000000001
12274332,2653630,6.890000000000001
6104388,1633163,6.890000000000001
11739985,35411494,6.890000000000001
3865336,16945069,6.890000000000001
8371203,43078666,6.890000000000001
12233830,6933825,6.890000000000001
11421004,5846610,6.890000000000001
11441717,56874023,6.890000000000001
851927,2204348,6.890000000000001
5762866,29899026,6.890000000000001
6800522,18517776,6.890000000000001
8406972,10115868,6.890000000000001
3903273,2278181,6.890000000000001
9448243,20857768,6.890000000000001
11184683,8957238,6.890000000000001
8846202,2405780,6.890000000000001
9078998,9240628,6.890000000000001
4742275,5474074,6.890000000000001
56927,25188,6.890000000000001
1551467,1106261,6.890000000000001
2573685,508268,6.890000000000001
8614316,5039687,6.890000000000001
12000174,1007365,6.890000000000001
4294557,22288672,6.890000000000001
5918944,449295,6.890000000000001
8316068,43217109,6.890000000000001
9857049,48494513,6.890000000000001
8275122,14140959,6.890000000000001
3593290,5988470,6.890000000000001
8409196,22927491,6.890000000000001
5049582,197327,6.890000000000001
9282662,13622079,6.890000000000001
9841140,32532791,6.890000000000001
8512382,23822417,6.890000000000001
349409,1770277,6.890000000000001
8454985,15151322,6.890000000000001
8390386,44210183,6.890000000000001
11474006,29112750,6.890000000000001
9998187,19480579,6.890000000000001
11418599,23752099,6.890000000000001
8129715,892781,6.890000000000001
4935269,2229363,6.890000000000001
2848393,3011415,6.890000000000001
6914622,36238599,6.890000000000001
5445126,28243100,6.890000000000001
11114345,17198627,6.890000000000001
7275108,892781,6.890000000000001
6780300,212445,7.024
8536127,39459066,7.024
4875342,7480473,7.024
3415434,16442921,7.024
5832127,3729809,7.024
12204600,29220677,7.024
11986653,25716456,7.024
6425318,14303759,7.146
1868124,9419684,7.146
9825415,27121083,7.146
2943804,50866,7.146
8211468,4407416,7.146
8686165,12243051,7.146
8283955,4657259,7.146
4287989,22235659,7.146
11758169,62572217,7.146
8170181,26303242,7.146
9219720,14890516,7.146
4928894,25390791,7.146
11333422,42333465,7.146
3164650,16052189,7.146
531552,71783,7.146
6131224,7303930,7.146
11585331,21184200,7.146
7650016,24032418,7.146
10763248,3828480,7.146
12112848,41658897,7.146
8663351,45516766,7.146
4916260,4121218,7.146
7446573,11541727,7.268
8555187,14131690,7.268
6974627,1299837,7.268
1174776,6429699,7.268
9030209,47136837,7.268
6908672,36204532,7.268
11618815,61523768,7.268
9117009,6689112,7.268
9810120,50427565,7.268
5370684,23002667,7.268
8301926,43772222,7.268
6930501,30128383,7.268
5844314,30342817,7.268
2592416,13271600,7.268
10120623,19574475,7.268
4021522,25188,7.268
9572941,36388924,7.268
7956634,8154081,7.268
10175033,36670279,7.268
2621242,13424353,7.268
2061478,10550788,7.268
5405928,1169936,7.268
12797493,33597924,7.268
10096682,29224062,7.268
11648212,38107558,7.268
1421610,7652728,7.268
10367015,26839308,7.268
5058148,1604662,7.268
9474436,49104276,7.268
5592866,28185704,7.268
10032327,45004988,7.268
12309083,66378068,7.268
8814532,4962900,7.268
11147761,57951755,7.268
5521378,25636575,7.268
2672058,13565868,7.268
7749568,40738497,7.268
10809,38440,7.28
2043529,10478250,7.402
6167184,31993940,7.402
1864705,9419684,7.402
5601743,19280995,7.402
7499960,9529655,7.524
716643,25188,7.524
8882195,12243051,7.524
6568621,9419684,7.524
2186358,9419684,7.524
12173918,65403081,7.524
12151677,60256371,7.524
8200839,43217109,7.524
7214920,20062444,7.524
579605,71783,7.524
7856323,12243051,7.524
1701741,7419610,7.524
9610545,13456546,7.524
12154934,65268598,7.524
9415179,45369382,7.524
3004304,412694,7.524
11639771,61695168,7.524
10113230,51899080,7.524
11593248,59082726,7.524
10426124,53699829,7.524
10995976,47492498,7.524
65329,319393,7.524
7596262,30283594,7.524
6348631,7119092,7.524
7598493,6914639,7.524
8886703,5163862,7.524
11924459,46702413,7.524
4870883,25056412,7.524
7476671,24158689,7.524
1494726,7506913,7.524
8473851,44625108,7.646
1925397,9974086,7.646
583255,306407,7.646
721979,25188,7.646
8827268,3958442,7.646
1899770,2120544,7.646
10083878,51741798,7.646
1458081,1431134,7.646
9489487,26133980,7.646
5885130,29855553,7.646
2649521,13563081,7.646
10658792,3744960,7.646
7053454,36992931,7.646
3198169,13935980,7.646
11492423,10393465,7.646
8067585,27756951,7.646
8859689,44617326,7.646
7611271,953185,7.646
3575220,13226301,7.646
12308161,66371429,7.646
11082235,57533988,7.646
7086825,34552909,7.646
9415687,4071493,7.646
6911945,36221474,7.646
9575992,49569819,7.646
11866651,40946436,7.646
1612842,8573721,7.646
7522296,38701026,7.646
3342094,1922657,7.646
8985647,5620597,7.646
8480507,6349477,7.646
519272,2444900,7.646
4484798,16442921,7.658
8422253,44355774,7.78
8634599,45402419,7.78
4837659,4531891,7.78
2778656,14211557,7.78
9933886,51060208,7.78
6014302,25806655,7.78
3839678,5776160,7.78
6598162,30283594,7.902
7855120,1444340,7.902
8981656,46926631,7.902
6686224,25700968,7.902
9383758,38340020,7.902
10056496,51354463,7.902
4868653,4472902,7.902
8861069,15192564,7.902
10524612,3594203,7.902
1340290,3274255,7.902
9765,25188,7.902
25142,25188,7.902
5308475,27496706,7.902
8473033,15896838,7.902
7728508,12243051,7.902
6544715,33986390,7.902
9809914,21184200,7.902
1092093,26988,7.902
7211531,15102445,7.902
3182473,25188,7.902
7796658,2064438,7.902
5904732,987917,7.902
830153,206353,7.902
7723492,4595799,8.024000000000001
8923817,45402419,8.024000000000001
6596242,11792930,8.024000000000001
9858828,50745636,8.024000000000001
7229372,17216318,8.024000000000001
6118583,31744945,8.024000000000001
5784404,26956083,8.024000000000001
5020055,14095697,8.024000000000001
10333345,15575274,8.024000000000001
6017574,31235595,8.024000000000001
3678429,18165984,8.024000000000001
8742954,45865686,8.024000000000001
533152,71783,8.024000000000001
11120777,21184200,8.024000000000001
10253591,32071442,8.024000000000001
8596320,23412310,8.024000000000001
3351728,10502779,8.024000000000001
4567815,3381838,8.024000000000001
7879708,7594805,8.024000000000001
12052288,31655122,8.024000000000001
4350995,22302321,8.024000000000001
7634067,204485,8.024000000000001
7351740,30980363,8.024000000000001
12585455,66497629,8.024000000000001
6213822,4962900,8.024000000000001
9301075,9241244,8.024000000000001
7740436,19911253,8.024000000000001
395975,1931881,8.024000000000001
8867379,45865686,8.024000000000001
6062890,28272775,8.024000000000001
9279773,9830531,8.024000000000001
10881994,21184200,8.024000000000001
6197950,32141135,8.024000000000001
7825898,17296560,8.024000000000001
8310894,23916912,8.024000000000001
5714786,1444340,8.036
2429961,3137257,8.158000000000001
2043261,10478250,8.158000000000001
9111413,11272292,8.158000000000001
9212213,47908069,8.158000000000001
11498523,25938928,8.158000000000001
7162684,35230712,8.280000000000001
5344465,27696228,8.280000000000001
4787359,362507,8.280000000000001
8224214,29066313,8.280000000000001
6356533,9419684,8.280000000000001
8813451,4962900,8.280000000000001
6598203,9419684,8.280000000000001
8131907,42941679,8.280000000000001
8696200,19470226,8.280000000000001
3888360,20113039,8.280000000000001
7348110,29531596,8.280000000000001
6065674,21644095,8.280000000000001
56937,25188,8.280000000000001
3094942,15695135,8.280000000000001
4365667,22659506,8.280000000000001
4635390,5521363,8.280000000000001
4309194,5677250,8.280000000000001
627048,25188,8.280000000000001
3775876,11487565,8.280000000000001
3539510,71783,8.280000000000001
6089196,31394729,8.280000000000001
7919500,12243051,8.280000000000001
8340072,43959997,8.280000000000001
5999291,9572594,8.280000000000001
8537786,44948848,8.292
9885963,4365676,8.402000000000001
9714378,33649716,8.402000000000001
6845352,2042090,8.402000000000001
3802530,18752830,8.402000000000001
12269155,66084480,8.402000000000001
6862758,35962316,8.402000000000001
9303396,47579964,8.402000000000001
8118718,17409171,8.402000000000001
11757166,54099497,8.402000000000001
11579622,59127419,8.402000000000001
1365335,1172878,8.402000000000001
11593592,40117482,8.402000000000001
202737,25188,8.402000000000001
95453,508268,8.402000000000001
10967183,5166221,8.402000000000001
6069883,15396970,8.402000000000001
6574771,16881770,8.402000000000001
11020786,4776690,8.402000000000001
7508063,2064438,8.402000000000001
4854300,7055526,8.402000000000001
11397952,49787594,8.402000000000001
4948724,508268,8.402000000000001
8366402,44095138,8.402000000000001
10747524,36468245,8.402000000000001
5984664,2102706,8.402000000000001
3519768,508268,8.402000000000001
11306586,5618949,8.402000000000001
4966020,9257829,8.402000000000001
12055566,3142987,8.402000000000001
6629066,9410008,8.402000000000001
7178893,19646638,8.402000000000001
7804358,23676983,8.402000000000001
8717204,25424192,8.402000000000001
7205300,3617571,8.402000000000001
9240102,39816740,8.402000000000001
1234740,25188,8.402000000000001
6516588,34077299,8.402000000000001
3667348,18600144,8.402000000000001
9957078,51166219,8.402000000000001
5991427,25806655,8.414
11037352,28323794,8.414
2423613,7000428,8.414
9858437,7772875,8.536
5453775,4678912,8.536
432734,2150893,8.536
5676025,9240847,8.536
3052935,886871,8.536
9494511,15583990,8.536
13592,25188,8.536
8231382,23777641,8.536
57156,271947,8.658000000000001
321328,8302344,8.658000000000001
8337048,16330682,8.658000000000001
7264674,6055747,8.658000000000001
21337,25188,8.658000000000001
6480616,30666720,8.658000000000001
67774,26988,8.658000000000001
8309711,43810746,8.658000000000001
4549400,6530175,8.658000000000001
10427199,48494513,8.658000000000001
5903001,30658962,8.658000000000001
1520701,8116589,8.658000000000001
9855805,48494513,8.658000000000001
7746589,814298,8.658000000000001
4670285,24158689,8.658000000000001
5967594,26956083,8.658000000000001
3628320,2863349,8.658000000000001
3808557,19572355,8.780000000000001
8384444,14587487,8.780000000000001
6831553,35788567,8.780000000000001
7527149,10502779,8.780000000000001
4588530,23785538,8.780000000000001
10542140,54361238,8.780000000000001
9541295,20857768,8.780000000000001
5884429,15396970,8.780000000000001
6971836,36554652,8.780000000000001
5371051,27842033,8.780000000000001
7071883,4609373,8.780000000000001
10106081,40885583,8.780000000000001
10356880,41565478,8.780000000000001
2723274,8790904,8.780000000000001
9611852,49731364,8.780000000000001
7321217,38352201,8.780000000000001
6992859,36660602,8.780000000000001
5612512,20857768,8.780000000000001
8310653,18604433,8.780000000000001
7632130,40035856,8.780000000000001
6059968,5028116,8.780000000000001
11498583,25938928,8.792
10233104,25938928,8.914
6014737,25806655,8.914
5639731,1444340,8.914
1426711,7673571,9.036
8575476,22110106,9.036
9491360,21184200,9.036
9824155,50599963,9.036
613719,970426,9.036
2077794,1500300,9.036
5395617,27969050,9.036
4518380,10478250,9.036
1425973,1015632,9.036
4518100,10478250,9.036
13059,50866,9.036
7708436,236790,9.036
3303497,16684348,9.036
1964878,9419684,9.036
2633478,50866,9.036
7731797,12243051,9.036
6465075,635157,9.036
4787027,1321084,9.036
2706986,501255,9.036
4750791,508268,9.036
11223924,9410008,9.158000000000001
3371742,17011534,9.158000000000001
7511838,26956083,9.158000000000001
8753913,43449123,9.158000000000001
7693009,2182717,9.158000000000001
6276572,11071285,9.158000000000001
10734159,21184200,9.158000000000001
6322283,19798741,9.158000000000001
7479725,17892292,9.158000000000001
7129785,13892399,9.158000000000001
3048961,508268,9.158000000000001
8733397,799496,9.158000000000001
3394437,16912440,9.158000000000001
3363097,261895,9.158000000000001
4435928,23025515,9.158000000000001
9273,4804,9.158000000000001
7205210,37726868,9.158000000000001
2950175,1697505,9.158000000000001
8587030,45192503,9.158000000000001
4402209,8139434,9.158000000000001
4034018,20915681,9.158000000000001
7741566,26956083,9.158000000000001
9698226,2574884,9.158000000000001
6677640,34950334,9.158000000000001
4532603,5670307,9.158000000000001
3250739,16442921,9.17
82637,416912,9.292
2933661,11487565,9.292
7904057,41662549,9.414
8227206,43384196,9.414
6300089,29483150,9.414
8999219,5618949,9.414
2547075,3137257,9.414
7921131,12243051,9.414
9494212,15583990,9.414
4065322,17763937,9.414
8171657,31040010,9.414
2247190,9419684,9.414
5649821,28241697,9.414
2481019,508268,9.414
5454513,4962900,9.414
8518091,42202173,9.414
8439372,44341268,9.414
4040151,9419684,9.414
7575052,9653086,9.536
6401859,17890131,9.536
7035556,15589117,9.536
1403408,255183,9.536
3953472,8202984,9.536
8132683,42946164,9.536
4737304,24158689,9.536
4456987,23127374,9.536
6881541,13124709,9.536
2166134,1851428,9.536
6923446,36287718,9.536
5743939,9402135,9.536
5384923,27840245,9.536
8814105,4962900,9.536
11656698,8898973,9.536
4489490,20857768,9.536
8704161,45692962,9.536
7292184,11544688,9.536
6187208,21407622,9.536
6939162,16379445,9.536
8521792,40108777,9.536
4150640,20857768,9.536
6939126,36379082,9.548
7853079,814298,9.67
3309941,9419684,9.792
6728273,26754605,9.792
6629929,63525,9.792
2384581,12083797,9.792
801722,8229,9.792
6709682,212445,9.792
238846,434539,9.792
7978515,1849822,9.792
1902160,3609519,9.792
5952474,508268,9.792
11950725,42500137,9.792
6748300,12811955,9.792
8219270,757253,9.792
7933149,814298,9.792
8663720,33525422,9.792
8354938,206353,9.792
10068240,15583990,9.792
530983,71783,9.792
9942503,39932447,9.792
5455293,4962900,9.792
9109401,47477850,9.914
3866526,8139434,9.914
2663667,13633800,9.914
6543678,20931226,9.914
1631942,4147257,9.914
6823017,19548932,9.914
7113260,962698,9.914
9570618,49546656,9.914
6444148,3023813,9.914
9757412,50318988,9.914
5992501,1538079,9.914
9218312,47935411,9.914
3371091,1922657,9.914
10850420,14847079,9.914
369880,1683708,9.914
9731479,19013294,9.914
250983,8021,9.914
9485607,1498417,9.914
6377998,987917,9.914
8533464,7862854,9.914
10034592,20399668,9.914
4610745,23889290,9.914
8428314,32278468,9.914
496022,1956464,9.914
4069422,12340193,9.914
4744278,24380118,9.914
9414403,16492238,9.914
7377034,29713098,9.914
5726250,29688938,9.914
6080461,28662210,9.914
218984,970426,10.048
4098410,11487565,10.048
6763785,35409793,10.17
3069104,11492081,10.17
4632511,23901135,10.17
9373802,21184200,10.17
1644031,8725557,10.17
11498416,25938928,10.17
777903,4102281,10.17
4132983,9419684,10.17
6044813,117999,10.17
4143561,9419684,10.17
11255643,49194545,10.17
4518756,10478250,10.17
8442314,1551509,10.17
5481243,28425476,10.17
7527864,29187425,10.17
2183117,11132354,10.17
8716590,21184200,10.17
1185034,6481306,10.17
7480613,29890732,10.17
732999,3817361,10.292
1248870,508268,10.292
1094599,50866,10.292
9647021,639972,10.292
7965521,22110106,10.292
5762656,15501263,10.292
4662379,24124767,10.292
4405982,21644095,10.292
50032,228845,10.292
8514932,37344176,10.292
8902304,12243051,10.292
6400432,23127285,10.292
5953696,30905023,10.292
8193344,43217109,10.292
5919529,24196977,10.292
3458030,7912254,10.292
11069094,49517292,10.292
4085362,3164508,10.292
8753559,13004639,10.292
9231486,9410008,10.292
1433483,7523199,10.292
6972426,36559227,10.292
6489209,26098645,10.292
4233242,197327,10.292
7931331,12243051,10.292
9370280,304016,10.292
4777111,24595754,10.292
6200741,32156083,10.426
10941628,45392178,10.426
8792552,46076242,10.426
1059604,5291968,10.548
11069011,8291336,10.548
3289921,2212661,10.548
8519646,15098486,10.548
1636735,6846812,10.548
754845,25188,10.548
5940069,8479265,10.548
9790421,249006,10.548
6930296,35317652,10.548
3589267,11890037,10.548
10231171,19548932,10.548
839265,1997048,10.548
213086,886871,10.548
7222349,7988017,10.548
7649517,12243051,10.548
8392652,20525378,10.56
594693,2139546,10.67
2384107,4004495,10.67
5078127,10252474,10.67
3668038,739438,10.67
10503339,54155575,10.67
7805515,26956083,10.67
2538536,16067950,10.67
7918592,10849730,10.67
4032756,20907980,10.67
11334091,55324394,10.67
1861070,8879967,10.67
11588543,16681075,10.67
7379913,24982706,10.67
1668313,8834105,10.67
9237653,20684898,10.67
1541166,552418,10.67
6038520,31339113,10.67
4558443,23631661,10.67
4873568,10079944,10.67
5076880,23850983,10.67
369940,1683708,10.67
2660908,3594203,10.67
7007801,36737151,10.804
6364042,987917,10.926
18711,71783,10.926
8782991,17818556,10.926
3755609,19223882,10.926
2998554,3462813,10.926
10381729,52187617,10.926
5191658,26853841,10.926
7480676,15501263,10.926
5791960,814298,10.926
7495866,38015635,10.926
693353,25188,10.926
5735693,15501263,10.926
3060038,15575274,10.926
1183032,6471589,10.926
9454046,45369382,10.926
6378076,15020804,10.926
9027384,47123968,10.926
4598026,5383468,11.048
7954808,12243051,11.048
3905508,3381271,11.048
11462476,1369968,11.048
6793945,35331408,11.048
8548176,6570877,11.048
10494550,54099497,11.048
1810172,8834105,11.048
6677469,34949685,11.048
1510876,7799789,11.048
6214710,27608437,11.048
4447430,21093140,11.048
295285,1271326,11.048
6194602,3103040,11.048
7836038,18046526,11.048
6990023,22500410,11.048
8471852,6065334,11.048
4489588,12776560,11.048
5086521,1868179,11.048
4573458,5578043,11.182
6716295,25093280,11.182
5940928,30841304,11.182
77681,416912,11.182
28150,25188,11.182
8624898,16284736,11.182
5293067,19280995,11.182
5899031,30638417,11.304
9493951,15583990,11.304
6121709,19044311,11.304
6983246,35990162,11.304
9857,25188,11.304
4183161,21702281,11.304
8704828,5235073,11.304
1303261,2120816,11.304
8563141,43959997,11.304
7725279,38701026,11.304
9711934,31375710,11.304
4510513,20857768,11.304
4410142,22891260,11.304
4181530,3245213,11.426
7755144,29806038,11.426
6895050,36130440,11.426
4391562,6323926,11.426
9144588,47618394,11.426
932853,5028116,11.426
6292691,21705304,11.426
11229070,6873524,11.426
11983286,35275808,11.426
6843795,23249169,11.426
6990904,16337422,11.426
4849808,24953502,11.426
3897979,8139434,11.426
1840255,9617517,11.426
6426364,9653086,11.426
8090623,42726977,11.426
7651065,15396970,11.426
9826392,50609916,11.426
4559774,15144533,11.426
1187188,2238969,11.426
5706193,3690888,11.56
4860853,814298,11.56
5640375,1444340,11.56
4205641,12685813,11.56
377474,119019,11.682
6404106,2495295,11.682
197146,25188,11.682
4118162,20857768,11.682
7528746,8892809,11.682
5933463,20567907,11.682
2292495,9653086,11.682
5724845,29682074,11.682
2931271,11631886,11.682
5166870,1487352,11.682
11662695,8139434,11.682
5526487,28662210,11.682
3434614,17311095,11.682
2187766,9419684,11.682
9384269,48683351,11.682
10964552,56874023,11.682
9118262,21184200,11.682
732932,3817361,11.804
6238463,31691830,11.804
7634365,12243051,11.804
2332883,6701853,11.804
2601744,1651480,11.804
5371687,19917804,11.804
8274008,38403389,11.804
6215248,15098486,11.804
5004278,4225430,11.804
6019555,2810446,11.804
8166076,9073339,11.804
9235198,47990609,11.804
5856189,9230009,11.804
6444303,1651480,11.804
3052958,15350423,11.804
6445917,33653954,11.804
10591722,41777544,11.804
9824,25188,11.937999999999999
5215982,26985683,12.06
2246959,9419684,12.06
11220522,44083241,12.06
10653150,25308015,12.06
4614037,9073339,12.06
5455004,4962900,12.06
6661480,25093280,12.06
7966317,3333785,12.06
7823025,4595799,12.06
8815257,6103953,12.06
400067,1997048,12.06
4560053,8229,12.06
1051482,5291968,12.06
197727,964356,12.182
7500822,39290531,12.182
6886946,36088668,12.182
9106758,47467696,12.182
3968797,4762495,12.182
4645486,24050914,12.182
1966195,9419684,12.182
6848424,7028796,12.182
10227043,39338110,12.182
7920541,12243051,12.182
10597708,17426720,12.182
3842286,3149911,12.182
5684598,29472153,12.182
9577988,557469,12.182
5717690,1444340,12.316
22212,25188,12.316
6913668,4190558,12.316
6031151,31302964,12.437999999999999
250345,25188,12.437999999999999
2560413,9770603,12.437999999999999
6646604,31340713,12.437999999999999
9114896,43777733,12.437999999999999
9894686,8267675,12.437999999999999
1724900,7723912,12.437999999999999
7472068,38188681,12.437999999999999
5616179,24361937,12.437999999999999
8649257,3594203,12.437999999999999
8757949,45928122,12.437999999999999
6151079,6950436,12.437999999999999
21891,25188,12.437999999999999
7246272,19250407,12.437999999999999
9463606,45369382,12.437999999999999
8735827,45824409,12.437999999999999
8742890,45865686,12.437999999999999
3463914,17452489,12.437999999999999
8450098,42726977,12.437999999999999
5661246,12211716,12.437999999999999
7462268,19548932,12.56
5969920,2180383,12.56
3457722,6209951,12.56
3591359,9662986,12.56
7900936,41658743,12.56
2963419,15123694,12.56
1374466,255183,12.56
2848362,3011415,12.694
5380160,27889531,12.816
7996844,690922,12.816
1374434,255183,12.816
6705513,14486505,12.816
2701124,13822322,12.816
7874552,690922,12.816
3344639,16881770,12.816
9860,25188,12.816
5052151,19573145,12.816
4430821,4743011,12.816
5862806,16881770,12.816
11772497,39536288,12.816
9382898,48677395,12.816
10730,26988,12.937999999999999
6614984,10136526,12.937999999999999
3415033,16866221,12.937999999999999
8402408,44162105,12.937999999999999
6268805,2644382,12.937999999999999
4759864,24560453,12.937999999999999
9685102,815156,12.937999999999999
2776391,3137257,12.937999999999999
1131634,508268,12.937999999999999
801680,8229,12.937999999999999
6834270,14338710,13.072
12441,25188,13.072
5606682,29066313,13.194
5101552,17032616,13.194
8422876,21851356,13.194
5526514,28662210,13.194
3050565,7000428,13.194
5030871,25521953,13.194
8539551,1551509,13.194
6409811,4789734,13.194
9862792,47889779,13.316
5511924,28420948,13.316
5048406,26062958,13.316
8441187,27450054,13.316
8734707,45824409,13.316
7420789,17177989,13.316
705900,508268,13.316
1949996,8829183,13.316
7630340,5618949,13.45
5801643,30099169,13.45
1200502,6557340,13.45
1291333,970426,13.572
4279959,22220978,13.572
3730447,9329890,13.572
5295491,27425562,13.572
1128894,6103425,13.572
6645010,19782214,13.572
4687499,4540666,13.572
4900659,5873558,13.572
9047230,14890516,13.694
7614517,39934024,13.694
8696236,19470226,13.694
8458210,9410008,13.694
1810397,9485021,13.694
3079305,15637560,13.694
1918537,9918991,13.694
8566407,21747122,13.694
1878903,7015660,13.694
7194793,9969381,13.694
4364989,9653086,13.694
2583074,13226301,13.694
4431220,23002667,13.694
2754975,6885890,13.694
8595650,14535919,13.694
4244110,22024144,13.828
8335103,43937165,13.828
1602491,3875741,13.828
6314998,6331373,13.95
7434871,38945687,13.95
8670336,21184200,13.95
2682662,1444340,13.95
1141888,6262335,13.95
48612,206505,13.95
4699828,19466495,13.95
4902542,1186415,14.072
9383459,48679868,14.072
8310807,28820575,14.072
5783197,4552954,14.072
9145242,41542719,14.072
4053612,21021264,14.072
5990808,10545148,14.072
4555637,11228809,14.072
3591388,18092266,14.072
4160585,224090,14.072
1545185,697401,14.328
2916208,14892598,14.328
7368611,38611099,14.328
585148,2883829,14.328
4089940,20857768,14.328
2529318,12952234,14.45
4526315,4705050,14.45
9549850,49453306,14.45
8518237,44851947,14.45
9694218,50065477,14.45
5125723,2914305,14.45
4530670,23490243,14.45
3049206,508268,14.45
6310903,32783797,14.45
1587540,2004732,14.45
6075932,4307515,14.45
7842550,11341278,14.584
2694019,12985903,14.706
2848330,3011415,14.706
2842124,12312638,14.706
1745339,3654852,14.706
9362821,48584100,14.706
1156549,6108324,14.706
3344322,9898255,14.706
9180947,47618394,14.828
6778788,35486394,14.828
962610,4434391,14.828
3898015,8139434,14.828
1542778,8222844,14.828
4977034,25655149,14.828
6171496,6213232,14.828
5706985,6570877,15.084
2473997,3875741,15.084
4432035,22892596,15.084
5761592,29890732,15.084
4518710,10478250,15.084
4823089,19480579,15.084
4546333,20857768,15.084
29155,25188,15.084
3276286,15760345,15.084
8733896,3169119,15.206
8011545,42300377,15.206
4402259,22851843,15.206
6146559,22546682,15.206
6242681,32407843,15.206
4861476,799496,15.206
4995033,11206328,15.206
3075044,2572247,15.462
3420221,9189449,15.462
3359282,343563,15.462
2108738,10750832,15.462
2126053,10844648,15.462
1166808,2254462,15.462
6432655,28525504,15.462
3870046,17010369,15.462
4832846,16522894,15.584
8320775,22776068,15.584
9107357,47470056,15.584
848152,1220808,15.84
6523777,34118474,15.84
5146451,9663343,15.84
4216208,10663539,15.84
1489289,7964081,15.84
2848370,3011415,15.84
5990896,31035017,15.84
2848239,3011415,15.962
5088560,21609039,15.962
705919,508268,15.962
6390634,2810446,15.962
9208166,47889779,15.962
4924009,2356643,15.974
5075267,814298,16.096
2823378,7000428,16.218
3353,4240,16.218
189965,205107,16.218
2392462,12221171,16.218
4947526,25499738,16.34
831744,1944123,16.34
5019306,15862012,16.34
7482338,37882842,16.34
9207914,47889779,16.34
335730,290698,16.352
6939454,9663343,16.474
2634499,6331373,16.474
7533100,39469377,16.474
7082775,37128954,16.474
849408,4434391,16.596
1109224,1531239,16.596
4278067,9653086,16.596
8703026,45686983,16.596
2043541,10478250,16.596
8987722,6103953,16.718
6765855,14453758,16.718
4766321,21313500,16.718
4377247,22726574,16.718
4457943,20912254,16.718
1264063,3003724,16.718
8885820,43124779,16.718
8799256,43959997,16.718
5782221,18601802,16.718
5241043,24461269,16.974
5690424,28090138,16.974
6693872,35040181,16.974
1113272,3676936,16.974
4178790,1444340,16.974
9887215,24629559,16.974
6317304,4170200,16.974
2549840,814298,16.974
8466658,25308015,16.974
650956,3269854,16.974
179245,119019,16.974
2308630,5448841,17.096
7514931,39352024,17.096
5874408,24337472,17.096
9033996,14890516,17.096
4025268,449295,17.096
2569369,13155584,17.096
1220971,5578043,17.352
3585343,10332798,17.352
7630346,5618949,17.352
8131410,6017901,17.352
1110769,6097281,17.352
2811937,10273324,17.352
182049,434539,17.474
5870922,26956083,17.474
4331214,3945438,17.474
4278873,9189449,17.474
6317446,9410008,17.474
24240,97821,17.474
6730758,207475,17.474
7491183,16274741,17.474
3601254,17194624,17.608
3677662,660123,17.73
1419197,576054,17.73
5927267,26098645,17.73
4223387,5689782,17.73
164418,784237,17.73
6626933,4718853,17.73
5506,8229,17.73
8238404,28820575,17.73
6075481,13765922,17.73
3740274,18824139,17.852
8065282,16284736,17.852
4364925,9653086,17.852
894539,4762495,17.852
5991110,28719398,17.852
2439779,213107,17.852
5153080,2594165,17.852
8974778,46899211,17.852
1881180,115522,17.852
2219399,1624549,17.852
10231714,52580942,17.852
5146447,9663343,17.986
8830015,22591136,18.108
4573238,5578043,18.108
6160803,13124709,18.108
5054601,26098645,18.108
3673688,18142992,18.108
2862120,1416883,18.108
973695,1760577,18.108
5729845,29709417,18.108
7914359,20582119,18.108
4075898,20857768,18.108
4573388,5578043,18.108
1090413,1984434,18.108
5967421,26956083,18.108
7239024,7988017,18.23
6764572,35411494,18.23
6134013,331174,18.23
4996375,25499738,18.23
6976,16701,18.23
1278391,6957165,18.23
2634361,6331373,18.364
3377871,7000428,18.364
1835533,1716576,18.364
2372987,814298,18.486
5269216,1444340,18.486
2301709,1444340,18.486
7033732,5256414,18.486
1341072,4161865,18.486
6317722,9410008,18.608
9259184,2006852,18.608
5582163,28943553,18.608
7540480,38611099,18.608
4275846,2356643,18.742
6602217,24584716,18.864
2794782,10273324,18.864
2360109,9967305,18.864
3902984,20210166,18.986
2886933,13776857,18.986
3629014,18190121,18.986
442735,1592221,18.986
3181719,7640908,18.986
7910223,30490577,18.986
3419711,9189449,19.242
4975581,12937716,19.242
4294835,9189449,19.242
3792147,6989109,19.242
5364137,23777641,19.242
8751275,5235073,19.242
847808,4426354,19.242
4287348,22257404,19.242
753446,3962517,19.364
4586681,12795084,19.364
491332,2357193,19.364
225834,1176995,19.364
39116,167745,19.364
3032367,5695034,19.364
1223050,3432624,19.364
341207,1730791,19.364
8419159,22613142,19.364
8052617,21184200,19.62
182613,875739,19.62
333808,1698147,19.62
4106372,757253,19.62
3653207,18477814,19.62
1887507,970787,19.62
7287822,17844905,19.742
7714627,20627610,19.742
332225,1693497,19.742
7880828,41542719,19.742
1551205,8261931,19.742
5146580,9663343,19.875999999999998
2931870,11631886,19.997999999999998
5593888,21009959,19.997999999999998
6453686,24732813,19.997999999999998
2722165,13929879,19.997999999999998
6324649,23029544,19.997999999999998
3359713,9162273,20.12
7277653,30172860,20.12
9676551,22249835,20.12
2326445,912631,20.12
196806,958639,20.12
8988506,6103953,20.12
2365632,12083797,20.375999999999998
4054079,20912254,20.375999999999998
1773334,3690888,20.375999999999998
2657905,5578043,20.375999999999998
585028,2883279,20.375999999999998
4580825,5578043,20.375999999999998
1175376,1444340,20.375999999999998
3664031,2006852,20.375999999999998
6296656,9410008,20.497999999999998
3937236,20210166,20.497999999999998
4303606,21851356,20.497999999999998
5026613,20060949,20.497999999999998
5806230,14836476,20.497999999999998
3659917,4464034,20.497999999999998
13589,25188,20.754
5967637,25205247,20.754
3917027,6331373,20.754
1102623,5622624,20.875999999999998
8662258,26268405,20.875999999999998
8556025,45037374,20.875999999999998
4107959,10136526,20.875999999999998
7988755,8408214,20.875999999999998
6410674,1416883,20.875999999999998
973840,5325924,20.875999999999998
4828640,8625838,21.132
1042420,5715872,21.132
6050311,31397283,21.132
879929,4653380,21.254
820073,1911807,21.254
6066455,9410008,21.254
458215,1956464,21.254
5976821,432317,21.254
8442940,3022224,21.254
1658983,8792144,21.254
466361,2315920,21.51
3229255,16343599,21.632
4262255,21873698,21.632
2915595,14889768,21.632
6261296,7614614,21.632
8486671,44696338,21.632
3057116,15561828,21.632
6565713,34343733,21.632
8720718,45771009,21.632
1342370,1444340,21.766000000000002
4283698,333210,21.888
957224,4210157,21.888
8238311,28820575,21.888
8228903,28820575,21.888
5163162,26704689,21.888
8930592,4776690,21.888
667325,869131,21.888
2167993,317841,22.01
7181950,9410008,22.01
2754149,14050476,22.01
743211,2796082,22.01
6292261,21851356,22.266000000000002
586994,2894162,22.266000000000002
5174821,26766201,22.266000000000002
8252058,42838239,22.388
6695,8229,22.388
4000384,10910804,22.388
2216767,11308029,22.388
6326257,9410008,22.388
5182313,548184,22.388
2747654,2356643,22.4
8400275,324630,22.522
9896713,19509044,22.644
1839549,8139434,22.644
198789,970426,22.644
40601,174986,22.766000000000002
749247,3920014,22.766000000000002
5267396,5160525,23.022
8153848,28820575,23.022
6343532,33037385,23.022
1803138,4610847,23.144
6316145,32860113,23.144
570493,914630,23.144
4934600,25424192,23.144
1550047,1444340,23.278
6925085,31804748,23.4
76073,405376,23.4
1067184,848706,23.522
453660,2254462,23.522
349347,1444340,23.656
5074924,814298,23.656
4065578,16779145,23.9
6609546,34584706,23.9
4020650,17194624,24.034
276450,1444340,24.034
3412990,9189449,24.156
5593939,11159801,24.278
2378421,12150111,24.278
4149974,8498315,24.278
1529127,8067344,24.278
7310887,38302832,24.278
6452246,14007443,24.278
1240598,2356643,24.412
336946,1713739,24.534
2636365,13499840,24.534
4177233,21674032,24.534
1373520,1220808,24.534
4549374,18286028,24.656
6248970,32449720,24.656
3375010,17028503,24.656
3957602,2127414,24.656
1732804,9090219,24.656
1179872,6455015,24.656
1471308,7673571,24.79
2174476,5618949,24.912
8172380,28820575,24.912
232990,847253,24.912
3520353,6508758,25.034
5453,8021,25.034
1203014,6570954,25.034
2930663,8139434,25.034
3377100,7629859,25.034
5969852,1849822,25.034
1391492,7523199,25.034
1887581,970787,25.168
2931165,11631886,25.29
4251795,981669,25.29
3294775,9898255,25.29
2000797,9898255,25.29
4577188,5618949,25.29
7330494,38403389,25.412
1428355,7422781,25.412
1426754,5578043,25.668
8271384,43613912,25.668
6134145,31804748,25.79
3068453,2356643,25.924
1197857,1444340,26.046
1704090,5115759,26.046
3294152,9898255,26.046
6088708,6950436,26.046
4609785,16522894,26.046
3601030,3689882,26.168
4263736,11228809,26.168
2564544,261895,26.168
4460532,11228809,26.168
6823828,35742537,26.424
8351880,25296328,26.424
6741968,28662502,26.546
4583526,23759488,26.546
4190704,11272292,26.68
8116523,42431392,26.802
3602379,18150109,26.802
4204961,5066654,26.924
6323935,31804748,26.924
4574921,11272292,27.18
1960407,10013311,27.18
3901439,8139434,27.18
3615760,17000652,27.558
2658094,5578043,27.558
336788,1713309,27.68
2183058,11132080,27.68
623731,3093639,27.68
4196643,3594203,27.936
658029,1444340,27.936
6954861,36453929,28.058
6552654,20582119,28.058
8036024,42431392,28.058
5672200,23412310,28.058
3410087,17194624,28.314
4922204,6570877,28.314
4369766,6846812,28.436
3897963,8139434,28.436
3240187,8011471,28.436
2843445,3164508,28.436
5734770,27015747,28.436
1252289,1462158,28.436
1471373,7673571,28.57
4080000,6331373,28.692
7881551,1639654,28.814
2441095,3594203,28.948
6240901,32373289,28.948
3432438,17298276,29.07
3890373,19357187,29.192
1179399,6430732,29.192
4863108,8157833,29.448
5889190,4144048,29.57
7281884,25742899,29.57
7692933,9508341,29.57
1525494,8139434,29.826
4863101,8157833,29.826
2843596,3351569,29.948
6347026,19032128,29.948
1178371,6430732,29.948
6924700,20582119,30.204
6181758,31804748,30.204
1956275,9622924,30.582
2278704,11631886,30.582
6554785,28123912,30.704
2021274,1417977,30.96
1322461,7178644,31.082
3945704,20447366,31.082
225979,1176995,31.082
7713728,34916087,31.46
3897995,8139434,31.46
1048397,2543390,31.46
5025015,25932315,31.594
6933545,15472064,31.716
4151979,21541399,31.838
2947662,9402135,31.838
3946215,20447366,31.838
7003280,36057933,32.094
1529321,8139434,32.094
2022303,10393465,32.216
2277821,9410008,32.216
7693354,28184994,32.472
4293597,9189449,32.472
728238,2139546,32.85
4015972,14303759,32.972
44205,128280,32.972
6134867,20582119,33.228
716245,3690995,33.228
2798787,13372537,33.35
315982,119019,33.606
7124590,825370,33.606
1332786,6608084,33.728
4909590,25279966,33.728
750438,3945438,33.728
69369,255183,34.106
3727560,19036819,34.362
1167221,6391436,34.362
6142396,31862615,34.484
179244,119019,34.74
1935042,10013311,34.74
2764624,6103425,34.74
2135075,3594203,35.117999999999995
4924910,24997738,35.117999999999995
4793787,24658662,35.24
3166256,16059043,35.24
3432321,17288874,35.495999999999995
1692573,8814724,35.617999999999995
3392423,3462813,35.617999999999995
4586590,21890476,35.995999999999995
1885825,6391436,35.995999999999995
526970,85770,36.251999999999995
3721095,10477638,36.373999999999995
2881388,9410008,36.373999999999995
2846739,85770,36.508
176006,841314,36.63
1112193,6103425,36.63
6006121,23208278,36.63
3021446,113091,36.63
2515870,12878584,37.008
6089865,3637081,37.13
1013978,5578043,37.642
3749523,3842205,37.764
994138,5460465,37.886
6742905,324630,37.898
2014882,1521296,38.142
3969526,5408229,38.142
5882411,18807469,38.264
990668,1651480,38.264
1171578,3765817,39.02
29765,128280,39.02
6744206,4192732,39.276
4105704,21299112,39.398
3528826,10493424,39.398
2174711,5618949,39.654
45987,205107,39.654
6870366,13382900,40.532000000000004
24232,97805,40.910000000000004
619142,501427,40.910000000000004
8982616,22264304,41.166
169430,807320,41.166
2683284,1015632,41.544
554720,2727109,41.666
2295530,11725202,41.666
581285,2859325,41.666
5940866,12720679,42.044
210097,1035747,42.422
1821633,7799789,42.422
4304969,1723274,42.422
1391215,119019,42.678
257588,1355344,43.178
37864,162705,43.934
1885386,6391436,43.934
217498,1123263,44.312
1112067,6103425,44.568
200265,847253,44.946
474066,2161881,45.324
5892953,17744599,45.324
60029,255183,45.446
2395326,12230539,45.446
4765070,24584716,45.702
3985462,9410008,45.824
3616081,18190121,45.824
1815326,9508341,46.08
3442711,17351265,46.08
23619,93112,46.458
4967219,23953876,46.714
205894,119019,46.836
1327725,7205617,47.214
3302294,1369968,47.47
1591827,8491165,47.592
497810,2329611,47.97
4553903,10850877,48.348
6676364,13382900,48.47
72811,378555,49.104
2898226,10716287,49.104
36885,159160,49.226
163941,8229,49.86
177129,847253,49.86
5709298,2006852,50.738
2875267,14696258,50.738
508017,2503703,51.372
625012,3100734,51.494
4695542,23953876,51.75
2698996,13812113,52.25
568234,2796082,52.25
4568116,11228809,52.25
4428586,17618315,52.628
1936861,10021116,53.384
6337106,22264304,54.018
336960,1713739,55.53
1994683,3839373,55.53
4025194,1480518,55.652
1454258,7799789,56.408
2243598,321452,56.542
1071235,965697,57.42
4820071,93916,57.542
4090224,17783651,57.92
1850260,9663343,58.176
915272,4608023,58.554
2227959,2005394,58.932
4359160,324630,59.566
3129309,3637081,60.066
3987926,1480518,60.188
1038465,85770,60.444
3988018,1480518,60.566
4314054,22264304,61.2
220676,1144302,61.322
93505,501427,61.956
3012529,2005394,61.956
3693850,18807469,62.078
1115394,884747,62.078
1881298,1920539,62.078
3992208,324630,62.212
1884045,9663343,62.712
1161210,3887707,63.09
57800,68870,65.73599999999999
225224,85770,66.49199999999999
27546,119019,66.87
536865,2618808,67.626
1321422,6608084,68.50399999999999
891661,4737456,69.138
2795342,14299585,70.016
798957,1651480,71.15
77691,119019,72.918
322593,1651480,72.918
447826,2053557,74.174
1178106,1407005,74.808
366038,633554,75.56400000000001
451872,2244581,76.576
1584362,6608084,77.954
1178162,1407005,78.21
1544702,6608084,78.71
1147871,1407005,78.966
708802,3648427,79.844
1472481,6608084,79.844
1472520,6608084,80.222
1141522,1407005,81.234
22354,85770,81.234
1615033,3637081,82.746
766700,3637081,83.502
197972,965697,84.002
2776143,324630,84.892
1695275,324630,88.294
47521,119019,89.55
1136972,1480518,97.232
916123,3637081,98.622
815639,3637081,98.622
31796,119019,103.536
1497879,2776892,110.718
414419,2027295,111.474
66288,324630,149.53
